{
  "kind": "collectionType",
  "collectionName": "webinars",
  "info": {
    "singularName": "webinar",
    "pluralName": "webinars",
    "displayName": "Webinar",
    "description": ""
  },
  "options": {
    "draftAndPublish": true
  },
  "pluginOptions": {},
  "attributes": {
    "title": {
      "type": "string",
      "required": true
    },
    "start_date": {
      "type": "datetime",
      "required": true
    },
    "end_date": {
      "type": "datetime",
      "required": true
    },
    "register_url": {
      "type": "string",
      "required": true
    },
    "sponsor": {
      "type": "component",
      "repeatable": true,
      "component": "academy.event-sponsor"
    },
    "description": {
      "type": "customField",
      "options": {
        "output": "HTML",
        "preset": "light"
      },
      "customField": "plugin::ckeditor.CKEditor",
      "required": true
    },
    "speakers": {
      "type": "relation",
      "relation": "oneToMany",
      "target": "api::speaker.speaker"
    },
    "banner": {
      "allowedTypes": [
        "images"
      ],
      "type": "media",
      "multiple": true,
      "required": false
    }
  }
}
