{
  "kind": "collectionType",
  "collectionName": "categories",
  "info": {
    "singularName": "category",
    "pluralName": "categories",
    "displayName": "category",
    "description": ""
  },
  "options": {
    "draftAndPublish": false
  },
  "pluginOptions": {},
  "attributes": {
    "name": {
      "type": "string",
      "required": true,
      "unique": true
    },
    "articles": {
      "type": "relation",
      "relation": "manyToMany",
      "target": "api::article.article",
      "mappedBy": "categories"
    },
    "books": {
      "type": "relation",
      "relation": "manyToMany",
      "target": "api::book.book",
      "mappedBy": "categories"
    }
  }
}
